review_id,platform,date,star_rating,title,text,language,location,url,is_crypto
69e2a34c81dc41907a60948b,trustpilot,2026-04-17T23:17:00.000Z,5,Foreign Wallet,Am in Canada right now and being able to create a Canadian wallet has been super easy and works well here. ,en,GB,https://www.trustpilot.com/reviews/69e2a34c81dc41907a60948b,True
69e298a1df629daba1f8a077,trustpilot,2026-04-17T22:31:29.000Z,5,Good service," Good service, everything from currency conversion to crypto purchases, I recommend it",en,GB,https://www.trustpilot.com/reviews/69e298a1df629daba1f8a077,True
69e293b11906fb0405f6ddc7,trustpilot,2026-04-17T22:10:25.000Z,1,I invited my friend and she passed all…,I invited my friend and she passed all conditions but you didn't give me a reward. Also my friend forgot to fill in a form in crypto page and you sold all her Bicoins without her permission and she lost 1000 euros.,en,DE,https://www.trustpilot.com/reviews/69e293b11906fb0405f6ddc7,True
69e28788f5bc2c8975ebf51e,trustpilot,2026-04-17T21:18:32.000Z,5,I cannot fault Revolut,"I cannot fault Revolut. It's as if they were made for me! Currency exchange for multiple countries,  points accumulated help me treat myself to treats and holidays,  saving rates are favourable and regular payments are reliable. Thank you,  Revolut. ",en,FR,https://www.trustpilot.com/reviews/69e28788f5bc2c8975ebf51e,True
69e27fba0209f1f99b55d0d6,trustpilot,2026-04-17T20:45:14.000Z,5,this is great card to take on holiday…,"this is great card to take on holiday and preload with mo ey , great for security grwat for currency exchange would highly recommend ",en,GB,https://www.trustpilot.com/reviews/69e27fba0209f1f99b55d0d6,True
69e27bc457d8698bfda3fd80,trustpilot,2026-04-17T20:28:20.000Z,3,Stop cutting the exchange rate when people go to exchange Sterling to euros you do it all the time ,"I would like you to stop cutting the exchange rate, when I'm about to exchange my money, very famous for it, ",en,GB,https://www.trustpilot.com/reviews/69e27bc457d8698bfda3fd80,True
69e27a7123bee93e2da049aa,trustpilot,2026-04-17T20:22:41.000Z,2,I do no longer see much added value in…,I do no longer see much added value in Revolut. For me the near banking exchange rates were the best feature. Meanwhile my bank offers better rates and I can still pay worldwide.,en,BG,https://www.trustpilot.com/reviews/69e27a7123bee93e2da049aa,True
69e276076b45657a8860f71d,trustpilot,2026-04-17T20:03:51.000Z,5,I’ve been using Revolut for a while…,"I’ve been using Revolut for a while now, and honestly, their service stands out as one of the most reliable and convenient financial platforms I’ve tried. Everything from account setup to daily usage is smooth and intuitive. The app is fast, easy to navigate, and packed with useful features like instant notifications, budgeting tools, and seamless currency exchange.

What really makes Revolut shine is how efficient and modern their service feels. Transfers are quick, international payments are straightforward, and the transparency in fees is refreshing. I also appreciate the level of control they give users—being able to freeze cards instantly, manage spending, and track everything in real time adds a strong sense of security.

Customer support has been responsive when needed, and overall the experience feels very professional. If you're looking for a smart, flexible, and forward-thinking banking solution, Revolut is definitely worth it.",en,NL,https://www.trustpilot.com/reviews/69e276076b45657a8860f71d,True
69e2711ebacce612a1e9b909,trustpilot,2026-04-17T19:42:54.000Z,5,Great for Banking and  crypto…,"Great for Banking and handling my Crypto.  Communication is brilliant. Best on the market 
 Keep up the good work. ",en,GB,https://www.trustpilot.com/reviews/69e2711ebacce612a1e9b909,True
69e2138da8fe2eab8ea7ede3,trustpilot,2026-04-17T13:03:41.000Z,2,revolut is fine unless you are a low…,"revolut is fine unless you are a low profile client. We had yesterday a life risky moment where we had to dp
a payment by crypto of 47500 USD, in the middle of nowhere - and they blocked it, asking questions in front of all involved parties. Asked 25 times the same questions, asked to provide nonsense documents in a heavy situation about life and death. They kept blocking it while asking more questions. All the money on revolut above 15k is at risk. I tried to transfer all funds and guess what: BLOCKED again. 

This review is not for the typical standard traveller, backpacker or youngster. This is for all the people searching answers regarding high networth solutions. 

Revolut is definitively the wrong bank for such transactions. 

another example was on the 13/04/2026, where we made a transaction to the goverment / immigration in a country in africa as a team of 5. All transactions went trough except mine, cause revolut placed the receiver as „merchant“, which leaded to:
- pending visa status
- hotel cancellation
- private jet change if departure date with a fee of 38k USD 

and guess what: revolut dont care at all. 
The automated in-app chat stuff is absolute trash and not personal at all even if theres a human chatting.

Uncool. 
Deleting the „bank“ soon.",en,CH,https://www.trustpilot.com/reviews/69e2138da8fe2eab8ea7ede3,True
69e1e91c0a999cfd9d38a86e,trustpilot,2026-04-17T10:02:36.000Z,5,Revolut is all I need for my banking,"Revolut is all I need for my banking, clear, easy to use, great travel insurance and benefit, exchange rates....",en,CZ,https://www.trustpilot.com/reviews/69e1e91c0a999cfd9d38a86e,True
69e1d6c2e52d39bb2c2a1ce9,trustpilot,2026-04-17T08:44:18.000Z,5,A great partner during travel,"I was looking for ways to exchange currency for our travels. Revolut proved to be the perfect tool for depositing and exchanging money in minutes at great rates. On top of that, the Revolut card is widely accepted.",en,US,https://www.trustpilot.com/reviews/69e1d6c2e52d39bb2c2a1ce9,True
69e1d024e1783dab72faba09,trustpilot,2026-04-17T08:16:04.000Z,3,Annoyingly have to download a second…,Annoyingly have to download a second app to trade crypto at sensible rates otherwise a decent attempt as a bank/ trading platform,en,GB,https://www.trustpilot.com/reviews/69e1d024e1783dab72faba09,True
69e1c5434dd973e3f322b778,trustpilot,2026-04-17T07:29:39.000Z,5,Daily use,I find using Revolut very easy and I get a great exchange rate. ,en,ES,https://www.trustpilot.com/reviews/69e1c5434dd973e3f322b778,True
69e1b9f3a56a7292ad1a568a,trustpilot,2026-04-17T06:41:23.000Z,5,I fully recommend Revolut,"I cannot complain as Revolut offered everything that I needed. Very easy for travel around the world,  the App is very good, money exchange is great, money transfers is very fast... money exchange between currencies used to be without feed during the weekends, now you have to pay these feeds, that is the only downside of the Revolut. ",en,GB,https://www.trustpilot.com/reviews/69e1b9f3a56a7292ad1a568a,True
69e1ac8ff00100fd0c25547b,trustpilot,2026-04-17T05:44:15.000Z,5,I’ve been using Revolut for a while…,"I’ve been using Revolut for a while now, and honestly, it’s one of the most convenient banking apps I’ve ever tried. The interface is super user-friendly, and everything—from sending money to tracking expenses—is fast and seamless.

What I really love is the ability to hold and exchange multiple currencies, which makes it perfect for traveling or sending money abroad. Transfers are quick, and the fees are very transparent compared to traditional banks. 

The app also offers great features like budgeting tools, savings vaults, and instant notifications, which help me stay in control of my finances at all times.

Overall, Revolut feels modern, efficient, and designed for how people actually manage money today. I’d definitely recommend it to anyone looking for a flexible and innovative banking solution.",en,DE,https://www.trustpilot.com/reviews/69e1ac8ff00100fd0c25547b,True
69e19a550d122af3496930c2,trustpilot,2026-04-17T04:26:29.000Z,5,Easy to use and good exchange rates…,Easy to use and good exchange rates make travelling easier,en,GB,https://www.trustpilot.com/reviews/69e19a550d122af3496930c2,True
69e1945f84f2497e85172df5,trustpilot,2026-04-17T04:01:05.000Z,3,"Interesting, but complicated, and can be dangerous. ","I know, and I'm not afraid to use a few features.
But if I have to use something new, the regulations and rules of operation are so intricate and complicated that I prefer not to start.",en,KG,https://www.trustpilot.com/reviews/69e1945f84f2497e85172df5,True
69e17f45f4489c3763f780a1,trustpilot,2026-04-17T02:31:01.000Z,5,Excellent service from revolut,"I use my card mainly abroad, your exchange rates are excellent, the card is easy to add money to, all in all its my go to card to use abroad.  ",en,GB,https://www.trustpilot.com/reviews/69e17f45f4489c3763f780a1,True
